candidate_id,rank,score,reasoning
CAND_0055905,1,0.9865333338578542,"[Elite Match] Recruiter Favorite. Highlights: End-to-end search and vector database systems, Search quality evaluation and ranking pipelines, LLM adaptation and fine-tuning expertise, Distributed systems and inference optimization, and Natural language processing and search expertise. Notes: Profile only 57% complete; No GitHub profile linked. — Short notice (30 days) aligns with the JD's desire for quick availability; The JD's core distinction is between researchers who publish and engineers who ship; this candidate clearly lands on the shipper side of that divide. Position #1 — top 0.0% of 100,000 candidates | Score breakdown: Skills=40/40, Exp=25/25, Retrieval=15/15, Signals=9/10, Fit=10/10 | Advantage: skills (+0.87 above mean). Recommendation: Interview Immediately (87% response rate; open to work; 30-day notice)."
CAND_0046064,2,0.9820333324273428,"[Elite Match] A 9yr Recruiter Favorite for the founding-team AI role. Strong areas: Full-stack retrieval systems (vector DBs + dense retrieval), Ranking evaluation and learning-to-rank experience, LLM fine-tuning experience, Scalable ML systems and model serving, and Text processing and information retrieval experience. Concern: Located outside preferred Indian tech hubs (coimbatore, tamil nadu). — Profile depth (9 years) aligns with the JD's 5-9 year senior engineer target range; Signals indicate comfort with the JD's described founding-team environment requiring high autonomy. #2 in ranking — top 0.0% of 100,000 candidates | Score breakdown: Skills=40/40, Exp=25/25, Retrieval=15/15, Signals=8/10, Fit=10/10 | Differentiator: skills leads pool over mean (+0.87). Recommended: Interview Immediately (78% response rate; open to work; 30-day notice)."
CAND_0048473,3,0.9734999988079072,"[Elite Match] Candidate: Production Veteran. Best action for this candidate: Suggested action: Priority Screen. Rationale: Strengths: End-to-end search and vector database systems, Learning-to-rank and retrieval evaluation expertise, LLM adaptation and fine-tuning expertise, Distributed systems and inference optimization, and Natural language processing and search expertise. Watch items: Extended notice period (120 days); Not marked as open to work. — The JD stresses shipped systems over research — this candidate's production background matches that preference; The JD's 'vibe check' section stresses async communication and fast iteration — behavioral signals here are consistent with that environment. Ranked #3 — top 0.0% of 100,000 candidates | Score breakdown: Skills=40/40, Exp=25/25, Retrieval=15/15, Signals=7/10, Fit=10/10 | Strengths vs pool: strongest on skills (+0.87 above pool mean)."
CAND_0008425,4,0.9702166732947032,"[Elite Match] Candidate: Production Veteran. Strengths: End-to-end search and vector database systems, Learning-to-rank and retrieval evaluation expertise, LLM adaptation and fine-tuning expertise, Distributed systems and inference optimization, and Natural language processing and search expertise. Watch items: Extended notice period (90 days); Profile only 57% complete. — Profile depth (8 years) aligns with the JD's 5-9 year senior engineer target range; Behavioral profile suggests fit for the high-autonomy, founding-team role described in the JD. Ranked #4 — top 0.0% of 100,000 candidates | Score breakdown: Skills=40/40, Exp=24/25, Retrieval=15/15, Signals=8/10, Fit=10/10 | Strengths vs pool: strongest on skills (+0.87). Suggested action: Priority Screen (open to work)."
CAND_0077798,5,0.9689000003337861,"[Elite Match] Production Veteran with 8yr of relevant experience for this founding-team role. Key assets: End-to-end retrieval and vector database expertise, IR evaluation (NDCG/MRR) and ranking optimization, LLM adaptation and fine-tuning expertise, Distributed systems and inference optimization, and Natural language processing and search expertise. Flaggeds: Moderate notice period (60 days); Profile only 49% complete. — Production engineering background resonates with the JD's focus on real-world system delivery; Founding-team dynamic described in the JD requires someone who can toggle between deep technical work and pragmatic shipping; this candidate fits that profile. Slot #5 — top 0.0% of 100,000 candidates | Score breakdown: Skills=40/40, Exp=25/25, Retrieval=15/15, Signals=7/10, Fit=10/10 | Edge: skills (+0.87 above mean). Next step: Priority Screen (open to work)."
CAND_0088025,6,0.9600333324273428,"[Elite Match] Candidate: Recruiter Favorite. Suggested approach: Suggested action: Interview Immediately (83% response rate; open to work). Rationale: Strengths: Full-stack retrieval systems (vector DBs + dense retrieval), Learning-to-rank and retrieval evaluation expertise, LLM fine-tuning experience, Text processing and information retrieval experience, and Strong Python proficiency. Watch items: Extended notice period (90 days); Located outside preferred Indian tech hubs (jaipur, rajasthan). — Profile depth (9 years) aligns with the JD's 5-9 year senior engineer target range; The JD explicitly emphasizes 'scrappy product-engineering attitude' — this candidate's trajectory demonstrates exactly that balance. Ranked #6 — top 0.0% of 100,000 candidates | Score breakdown: Skills=37/40, Exp=25/25, Retrieval=15/15, Signals=9/10, Fit=10/10 | Strengths vs pool: retrieval/ranking leads pool over mean (+0.85)."
CAND_0039754,7,0.9598333338101704,"[Elite Match] Profile: Production Veteran. Key assets: Vector database and dense retrieval experience, IR evaluation (NDCG/MRR) and ranking optimization, LLM adaptation and fine-tuning expertise, Natural language processing and search expertise, and Python-based ML development expertise. Flagged: Located outside preferred Indian tech hubs (indore, madhya pradesh). — Short notice (30 days) aligns with the JD's desire for quick availability; Practical deployment experience aligns with the JD's stated need for engineering that ships, not just researches. Slot #7 — top 0.0% of 100,000 candidates | Score breakdown: Skills=37/40, Exp=25/25, Retrieval=15/15, Signals=9/10, Fit=10/10 | Edge: strongest on retrieval/ranking (+0.85 above pool mean). Next step: Interview Immediately (81% response rate; open to work; 30-day notice)."
CAND_0083612,8,0.9536833389600118,"[Elite Match] Passive Expert: 8yr, product-company trajectory, strong for this founding-team AI role. Strengths: Production retrieval pipelines and vector search, Learning-to-rank and retrieval evaluation expertise, LLM fine-tuning experience, Scalable ML systems and model serving, and Text processing and information retrieval experience. Watch items: Moderate notice period (60 days); Not marked as open to work. — Profile signals match the JD's preference for founding-team, high-autonomy settings. Ranked #8 — top 0.0% of 100,000 candidates | Score breakdown: Skills=40/40, Exp=24/25, Retrieval=15/15, Signals=6/10, Fit=10/10 | Strengths vs pool: strongest on skills (+0.87). Suggested action: Priority Screen."
CAND_0064326,9,0.9520999964475632,"[Elite Match] Recruiter Favorite.  Recommended: Interview Immediately (94% response rate; open to work). Rationale: Strong areas: Vector database and dense retrieval experience, Ranking evaluation and learning-to-rank experience, Large language model fine-tuning, NLP and information retrieval background, and Production Python engineering skills. Concerns: Moderate notice period (45 days); Profile only 54% complete. — Profile depth (8 years) aligns with the JD's 5-9 year senior engineer target range; Indian tech hub location fits the JD's geographic scope; Engagement signals point to a strong fit for the JD's high-autonomy, founding-team environment. #9 in ranking — top 0.0% of 100,000 candidates | Score breakdown: Skills=37/40, Exp=24/25, Retrieval=15/15, Signals=9/10, Fit=10/10 | Differentiator: retrieval/ranking (+0.85 above mean)."
CAND_0081948,10,0.9459916724363963,"[Elite Match] Candidate: Production Veteran. Strengths: Full-stack retrieval systems (vector DBs + dense retrieval), Learning-to-rank and retrieval evaluation expertise, LLM fine-tuning experience, Scalable ML systems and model serving, and Text processing and information retrieval experience. Watch items: Not marked as open to work; Profile only 45% complete. — Profile depth (7 years) aligns with the JD's 5-9 year senior engineer target range; Indian tech hub location fits the JD's geographic scope; The JD explicitly emphasizes 'scrappy product-engineering attitude' — this candidate's trajectory demonstrates exactly that balance. Ranked #10 — top 0.0% of 100,000 candidates | Score breakdown: Skills=40/40, Exp=23/25, Retrieval=15/15, Signals=7/10, Fit=10/10 | Strengths vs pool: skills leads pool over mean (+0.87). Suggested action: Priority Screen (30-day notice)."
CAND_0013440,11,0.9439333282311758,"[Strong Match] Candidate: Production Veteran. Suggested approach: Suggested action: Priority Screen (open to work; 30-day notice). Rationale: Strengths: Full-stack retrieval systems (vector DBs + dense retrieval), Learning-to-rank and retrieval evaluation expertise, LLM fine-tuning experience, and Scalable ML systems and model serving. Watch item: Inactive on platform (106 days). — The JD stresses shipped systems over research — this candidate's production background matches that preference; Aligned with the JD's call for a founding-team engineer comfortable with high autonomy. Ranked #11 — top 0.0% of 100,000 candidates | Score breakdown: Skills=40/40, Exp=22/25, Retrieval=15/15, Signals=7/10, Fit=10/10 | Strengths vs pool: strongest on skills (+0.87 above pool mean)."
CAND_0009482,12,0.9418083337148031,"[Strong Match] A 8yr Production Veteran for the founding-team AI role. Strong areas: Vector database and dense retrieval experience, Ranking evaluation and learning-to-rank experience, Large language model fine-tuning, and Distributed ML pipelines and inference infrastructure. Concerns: Inactive on platform (103 days); Extended notice period (90 days). — 90-day notice period exceeds the JD's implied quick-start preference; This candidate has shipped real ranking or search systems to production — exactly the kind of tangible output the JD prioritizes over 'researcher' archetypes. #12 in ranking — top 0.0% of 100,000 candidates | Score breakdown: Skills=40/40, Exp=23/25, Retrieval=15/15, Signals=6/10, Fit=10/10 | Differentiator: strongest on skills (+0.87). Recommended: Priority Screen."
CAND_0085643,13,0.9398416668574016,"[Strong Match] Profile: Production Veteran. Key assets: End-to-end search and vector database systems, IR evaluation (NDCG/MRR) and ranking optimization, Large language model fine-tuning, and Distributed ML pipelines and inference infrastructure. Flaggeds: Extended notice period (120 days); No GitHub profile linked. — Engagement signals point to a strong fit for the JD's high-autonomy, founding-team environment. Slot #13 — top 0.0% of 100,000 candidates | Score breakdown: Skills=40/40, Exp=23/25, Retrieval=15/15, Signals=6/10, Fit=10/10 | Edge: skills (+0.87 above mean). Next step: Priority Screen (open to work)."
CAND_0007009,14,0.9375750032663345,"[Strong Match] Profile: Production Veteran. Practical deployment experience aligns with the JD's stated need for engineering that ships, not just researches; The JD's 'vibe check' section stresses async communication and fast iteration — behavioral signals here are consistent with that environment. Key assets: Production retrieval pipelines and vector search, IR evaluation (NDCG/MRR) and ranking optimization, Large language model fine-tuning, and NLP and information retrieval background. Flagged: Requires culture-fit validation for founding-team dynamics. Slot #14 — top 0.0% of 100,000 candidates | Score breakdown: Skills=37/40, Exp=25/25, Retrieval=15/15, Signals=7/10, Fit=10/10 | Edge: retrieval/ranking leads pool vs mean (+0.85). Next step: Priority Screen (open to work; 30-day notice)."
CAND_0017960,15,0.9372249948978424,"[Strong Match] Profile: Production Veteran. Suggested approach: Next step: Priority Screen (72% response rate; open to work). Rationale: Key assets: Vector database and dense retrieval experience, IR evaluation (NDCG/MRR) and ranking optimization, LLM fine-tuning experience, and Text processing and information retrieval experience. Flagged: Moderate notice period (60 days). — Practical deployment experience aligns with the JD's stated need for engineering that ships, not just researches. Slot #15 — top 0.0% of 100,000 candidates | Score breakdown: Skills=37/40, Exp=24/25, Retrieval=15/15, Signals=8/10, Fit=10/10 | Edge: strongest on retrieval/ranking (+0.85 above pool mean)."
CAND_0083307,16,0.9371833384831746,"[Strong Match] A 8yr Production Veteran for the founding-team AI role. Strong areas: End-to-end search and vector database systems, Ranking evaluation and learning-to-rank experience, LLM fine-tuning experience, and Text processing and information retrieval experience. Concerns: Extended notice period (120 days); Profile only 53% complete. — The candidate's profile mirrors the JD's founding-team profile where high autonomy is expected. #16 in ranking — top 0.0% of 100,000 candidates | Score breakdown: Skills=37/40, Exp=24/25, Retrieval=15/15, Signals=7/10, Fit=10/10 | Differentiator: strongest on retrieval/ranking (+0.85). Recommended: Priority Screen (70% response rate; open to work)."
CAND_0077337,17,0.9311833332379659,"[Strong Match] Recruiter Favorite. Strong areas: Vector database and dense retrieval experience, Ranking evaluation and learning-to-rank experience, LLM adaptation and fine-tuning expertise, and Natural language processing and search expertise. Concerns: Moderate notice period (60 days); Salary expectation (46 LPA min) — verify budget alignment. — Production engineering background resonates with the JD's focus on real-world system delivery; Behavioral profile suggests fit for the high-autonomy, founding-team role described in the JD. #17 in ranking — top 0.0% of 100,000 candidates | Score breakdown: Skills=37/40, Exp=22/25, Retrieval=15/15, Signals=9/10, Fit=10/10 | Differentiator: retrieval/ranking (+0.85 above mean). Recommended: Interview Immediately (95% response rate; open to work)."
CAND_0030953,18,0.9286833391984304,"[Strong Match] Production Veteran. The candidate's profile mirrors the JD's founding-team profile where high autonomy is expected. Highlights: Production retrieval pipelines and vector search, Search quality evaluation and ranking pipelines, LLM adaptation and fine-tuning expertise, and Natural language processing and search expertise. Notes: Moderate notice period (45 days); Salary expectation (43 LPA min) — verify budget alignment. Position #18 — top 0.0% of 100,000 candidates | Score breakdown: Skills=37/40, Exp=24/25, Retrieval=15/15, Signals=6/10, Fit=10/10 | Advantage: retrieval/ranking leads pool vs mean (+0.85). Recommendation: Priority Screen."
CAND_0052496,19,0.9282166688839595,"[Strong Match] Candidate: Production Veteran. Best action for this candidate: Suggested action: Priority Screen. Rationale: Strengths: End-to-end search and vector database systems, Learning-to-rank and retrieval evaluation expertise, LLM adaptation and fine-tuning expertise, and Distributed systems and inference optimization. Watch items: Moderate notice period (60 days); Not marked as open to work. — The JD explicitly prioritizes engineers who ship over researchers — this candidate's deployment track record fits that mold; The candidate's profile mirrors the JD's founding-team profile where high autonomy is expected. Ranked #19 — top 0.0% of 100,000 candidates | Score breakdown: Skills=40/40, Exp=23/25, Retrieval=15/15, Signals=5/10, Fit=10/10 | Strengths vs pool: strongest on skills (+0.87 above pool mean)."
CAND_0046356,20,0.9263083272775015,"[Strong Match] Production Veteran with 7yr of relevant experience for this founding-team role. Key assets: End-to-end search and vector database systems, IR evaluation (NDCG/MRR) and ranking optimization, LLM fine-tuning experience, and Scalable ML systems and model serving. Flaggeds: Inactive on platform (94 days); Extended notice period (120 days). — The JD explicitly prioritizes engineers who ship over researchers — this candidate's deployment track record fits that mold; Profile signals match the JD's preference for founding-team, high-autonomy settings. Slot #20 — top 0.0% of 100,000 candidates | Score breakdown: Skills=40/40, Exp=21/25, Retrieval=15/15, Signals=7/10, Fit=10/10 | Edge: strongest on skills (+0.87). Next step: Priority Screen (70% response rate; open to work)."
CAND_0002025,21,0.9224083368380864,"[Strong Match] Candidate: Recruiter Favorite. Strengths: Production retrieval pipelines and vector search, Learning-to-rank and retrieval evaluation expertise, Large language model fine-tuning, and Distributed ML pipelines and inference infrastructure. Watch item: Located outside preferred Indian tech hubs (trivandrum, kerala). — The JD explicitly prioritizes engineers who ship over researchers — this candidate's deployment track record fits that mold; Fits the high-autonomy, founding-team context emphasized in the JD. Ranked #21 — top 0.0% of 100,000 candidates | Score breakdown: Skills=40/40, Exp=18/25, Retrieval=15/15, Signals=9/10, Fit=10/10 | Strengths vs pool: skills (+0.87 above mean). Suggested action: Interview Immediately (80% response rate; open to work; 30-day notice)."
CAND_0057209,22,0.9209166618982951,"[Strong Match] Candidate: Passive Expert. The JD explicitly prioritizes engineers who ship over researchers — this candidate's deployment track record fits that mold; Fits the high-autonomy, founding-team context emphasized in the JD. Strengths: Full-stack retrieval systems (vector DBs + dense retrieval), Learning-to-rank and retrieval evaluation expertise, Large language model fine-tuning, and Distributed ML pipelines and inference infrastructure. Watch items: Extended notice period (90 days); Not marked as open to work. Ranked #22 — top 0.0% of 100,000 candidates | Score breakdown: Skills=40/40, Exp=19/25, Retrieval=15/15, Signals=8/10, Fit=10/10 | Strengths vs pool: skills leads pool over mean (+0.87). Suggested action: Interview Immediately (79% response rate)."
CAND_0079387,23,0.9206916692654291,"[Strong Match] Profile: Recruiter Favorite.  Next step: Interview Immediately (81% response rate; open to work; 30-day notice). Rationale: Key assets: Full-stack retrieval systems (vector DBs + dense retrieval), IR evaluation (NDCG/MRR) and ranking optimization, Large language model fine-tuning, and NLP and information retrieval background. Flagged: Located outside preferred Indian tech hubs (trivandrum, kerala). — The JD's core distinction is between researchers who publish and engineers who ship; this candidate clearly lands on the shipper side of that divide; Founding-team dynamic described in the JD requires someone who can toggle between deep technical work and pragmatic shipping; this candidate fits that profile. Slot #23 — top 0.0% of 100,000 candidates | Score breakdown: Skills=37/40, Exp=22/25, Retrieval=15/15, Signals=9/10, Fit=10/10 | Edge: strongest on retrieval/ranking (+0.85 above pool mean)."
CAND_0070398,24,0.9146333280404408,"[Strong Match] A 7yr Production Veteran for the founding-team AI role. Strong areas: End-to-end search and vector database systems, Ranking evaluation and learning-to-rank experience, LLM adaptation and fine-tuning expertise, and Natural language processing and search expertise. Concerns: Extended notice period (120 days); Profile only 50% complete. — The candidate's history of deploying retrieval systems into production fits the JD's shipper-over-researcher ideal; Profile signals match the JD's preference for founding-team, high-autonomy settings. #24 in ranking — top 0.0% of 100,000 candidates | Score breakdown: Skills=37/40, Exp=22/25, Retrieval=15/15, Signals=7/10, Fit=10/10 | Differentiator: strongest on retrieval/ranking (+0.85). Recommended: Priority Screen (open to work)."
CAND_0081846,25,0.9133749947547912,"[Strong Match] Profile: Production Veteran. Key assets: Full-stack retrieval systems (vector DBs + dense retrieval), IR evaluation (NDCG/MRR) and ranking optimization, LLM adaptation and fine-tuning expertise, and Natural language processing and search expertise. Flagged: Located outside preferred Indian tech hubs (jaipur, rajasthan). — The JD's 'vibe check' section stresses async communication and fast iteration — behavioral signals here are consistent with that environment. Slot #25 — top 0.0% of 100,000 candidates | Score breakdown: Skills=37/40, Exp=21/25, Retrieval=15/15, Signals=8/10, Fit=10/10 | Edge: retrieval/ranking (+0.85 above mean). Next step: Priority Screen (73% response rate; open to work; 30-day notice)."
CAND_0011687,26,0.9119166716734569,"[Recommended] Recruiter Favorite profile with 8yr background suited to the Senior AI Engineer mandate. Highlights: Vector database and dense retrieval experience, Search quality evaluation and ranking pipelines, LLM fine-tuning experience, and Scalable ML systems and model serving. Notes: No explicit Python skills listed; Located outside preferred Indian tech hubs (indore, madhya pradesh). — Short notice (15 days) aligns with the JD's desire for quick availability; Practical deployment experience aligns with the JD's stated need for engineering that ships, not just researches. Position #26 — top 0.0% of 100,000 candidates | Score breakdown: Skills=33/40, Exp=24/25, Retrieval=15/15, Signals=9/10, Fit=10/10 | Advantage: retrieval/ranking leads pool vs mean (+0.85). Recommendation: Interview Immediately (89% response rate; open to work; 15-day notice)."
CAND_0080766,27,0.9110000009536744,"[Recommended] Passive Expert. The JD explicitly prioritizes engineers who ship over researchers — this candidate's deployment track record fits that mold; Signals indicate comfort with the JD's described founding-team environment requiring high autonomy. Highlights: Vector database and dense retrieval experience, Ranking evaluation knowledge (NDCG/MRR), LLM adaptation and fine-tuning expertise, and Natural language processing and search expertise. Notes: Salary expectation (41 LPA min) — verify budget alignment; Not marked as open to work. Position #27 — top 0.0% of 100,000 candidates | Score breakdown: Skills=34/40, Exp=25/25, Retrieval=15/15, Signals=7/10, Fit=10/10 | Advantage: strongest on retrieval/ranking (+0.85 above pool mean). Recommendation: Priority Screen (0-day notice)."
CAND_0018722,28,0.9105499984025955,"[Recommended] Candidate: Recruiter Favorite. Strengths: Full-stack retrieval systems (vector DBs + dense retrieval), Learning-to-rank and retrieval evaluation expertise, Large language model fine-tuning, and NLP and information retrieval background. Watch items: Extended notice period (90 days); Located outside preferred Indian tech hubs (toronto). — 90-day notice period exceeds the JD's implied quick-start preference; Production engineering background resonates with the JD's focus on real-world system delivery. Ranked #28 — top 0.0% of 100,000 candidates | Score breakdown: Skills=37/40, Exp=21/25, Retrieval=15/15, Signals=8/10, Fit=10/10 | Strengths vs pool: strongest on retrieval/ranking (+0.85). Suggested action: Interview Immediately (79% response rate; open to work)."
CAND_0069905,29,0.9100499960184097,"[Recommended] Candidate: Recruiter Favorite.  Suggested action: Interview Immediately (78% response rate; open to work). Rationale: Strengths: Production retrieval pipelines and vector search, Learning-to-rank and retrieval evaluation expertise, Large language model fine-tuning, and NLP and information retrieval background. Watch items: Extended notice period (90 days); Located outside preferred Indian tech hubs (bhubaneswar, odisha). — Practical deployment experience aligns with the JD's stated need for engineering that ships, not just researches; Signals indicate comfort with the JD's described founding-team environment requiring high autonomy. Ranked #29 — top 0.0% of 100,000 candidates | Score breakdown: Skills=37/40, Exp=21/25, Retrieval=15/15, Signals=8/10, Fit=10/10 | Strengths vs pool: retrieval/ranking (+0.85 above mean)."
CAND_0026426,30,0.9080083345969517,"[Recommended] Production Veteran. Concerns: Not marked as open to work; No GitHub profile linked. Mitigating factors: Strong areas: Full-stack retrieval systems (vector DBs + dense retrieval), Ranking evaluation and learning-to-rank experience, Large language model fine-tuning, and Distributed ML pipelines and inference infrastructure.  — The JD explicitly warns against 'framework enthusiasts' and 'people who have only worked at consulting firms'; this candidate's hands-on product experience addresses that concern directly; Short notice period (30 days) fits the JD's preference for quick availability; The JD explicitly emphasizes 'scrappy product-engineering attitude' — this candidate's trajectory demonstrates exactly that balance. #30 in ranking — top 0.0% of 100,000 candidates | Score breakdown: Skills=37/40, Exp=25/25, Retrieval=12/15, Signals=7/10, Fit=10/10 | Differentiator: skills leads pool over mean (+0.80). Recommended: Priority Screen (30-day notice)."
CAND_0088842,31,0.9049416722456615,"[Recommended] Production Veteran profile with 6yr background suited to the Senior AI Engineer mandate. Highlights: Production retrieval pipelines and vector search, Search quality evaluation and ranking pipelines, LLM fine-tuning experience, and Scalable ML systems and model serving. Notes: Extended notice period (90 days); Not marked as open to work. — The JD explicitly emphasizes 'scrappy product-engineering attitude' — this candidate's trajectory demonstrates exactly that balance. Position #31 — top 0.0% of 100,000 candidates | Score breakdown: Skills=40/40, Exp=20/25, Retrieval=15/15, Signals=6/10, Fit=10/10 | Advantage: strongest on skills (+0.87 above pool mean). Recommendation: Priority Screen."
CAND_0071974,32,0.9043166727224986,"[Recommended] Candidate: Recruiter Favorite. The JD stresses shipped systems over research — this candidate's production background matches that preference; This candidate's profile reads like the kind of founder-oriented engineer the JD describes — high autonomy, product-aware, delivery-focused. Strengths: Full-stack retrieval systems (vector DBs + dense retrieval), Learning-to-rank and retrieval evaluation expertise, Large language model fine-tuning, and Distributed ML pipelines and inference infrastructure. Watch items: Moderate notice period (45 days); Salary expectation (47 LPA min) — verify budget alignment. Ranked #32 — top 0.0% of 100,000 candidates | Score breakdown: Skills=33/40, Exp=24/25, Retrieval=15/15, Signals=8/10, Fit=10/10 | Strengths vs pool: strongest on retrieval/ranking (+0.85). Suggested action: Interview Immediately (76% response rate; open to work)."
CAND_0052328,33,0.9042250006198883,"[Recommended] Candidate: Recruiter Favorite. Strengths: End-to-end retrieval and vector database expertise, Learning-to-rank and retrieval evaluation expertise, LLM fine-tuning experience, and Text processing and information retrieval experience. Watch item: Requires culture-fit validation for founding-team dynamics. — Located in Pune/Noida — zero relocation friction for the JD's preferred locations; This candidate has shipped real ranking or search systems to production — exactly the kind of tangible output the JD prioritizes over 'researcher' archetypes; Signals indicate comfort with the JD's described founding-team environment requiring high autonomy. Ranked #33 — top 0.0% of 100,000 candidates | Score breakdown: Skills=37/40, Exp=20/25, Retrieval=15/15, Signals=8/10, Fit=10/10 | Strengths vs pool: retrieval/ranking (+0.85 above mean). Suggested action: Interview Immediately (79% response rate; open to work; 30-day notice)."
CAND_0092839,34,0.9022083326180775,"[Recommended] Candidate: Recruiter Favorite.  Suggested action: Interview Immediately (77% response rate; open to work; 30-day notice). Rationale: Strengths: Vector database and dense retrieval experience, Learning-to-rank and retrieval evaluation expertise, and Large language model fine-tuning. Watch items: No GitHub profile linked; Located outside preferred Indian tech hubs (kolkata, west bengal). — Short notice (30 days) aligns with the JD's desire for quick availability; This candidate has shipped real ranking or search systems to production — exactly the kind of tangible output the JD prioritizes over 'researcher' archetypes. Ranked #34 — top 0.0% of 100,000 candidates | Score breakdown: Skills=37/40, Exp=23/25, Retrieval=12/15, Signals=8/10, Fit=10/10 | Strengths vs pool: skills leads pool over mean (+0.80)."
CAND_0099401,35,0.8960249936580659,"[Recommended] Production Veteran. Concerns: Extended notice period (90 days); Not marked as open to work. Mitigating factors: Strong areas: Production retrieval pipelines and vector search, Ranking evaluation and learning-to-rank experience, and NLP and information retrieval background.  — The JD explicitly prioritizes engineers who ship over researchers — this candidate's deployment track record fits that mold; This candidate's profile reads like the kind of founder-oriented engineer the JD describes — high autonomy, product-aware, delivery-focused. #35 in ranking — top 0.0% of 100,000 candidates | Score breakdown: Skills=34/40, Exp=24/25, Retrieval=15/15, Signals=7/10, Fit=10/10 | Differentiator: strongest on retrieval/ranking (+0.85 above pool mean). Recommended: Priority Screen."
CAND_0005260,36,0.8936666616598765,"[Recommended] Growth Candidate: 5yr, product-company trajectory, strong for this founding-team AI role. Strengths: End-to-end retrieval and vector database expertise, Learning-to-rank and retrieval evaluation expertise, and LLM adaptation and fine-tuning expertise. Watch items: Moderate notice period (60 days); Not marked as open to work. — Based in an Indian tech hub — aligns with the JD's geographic scope; This candidate has shipped real ranking or search systems to production — exactly the kind of tangible output the JD prioritizes over 'researcher' archetypes; The JD's 'vibe check' section stresses async communication and fast iteration — behavioral signals here are consistent with that environment. Ranked #36 — top 0.0% of 100,000 candidates | Score breakdown: Skills=40/40, Exp=16/25, Retrieval=15/15, Signals=8/10, Fit=10/10 | Strengths vs pool: strongest on skills (+0.87) | Drag: experience (-0.08). Suggested action: Interview Immediately (86% response rate)."
CAND_0050876,37,0.8935333345731099,"[Recommended] Profile: Growth Candidate. The JD stresses shipped systems over research — this candidate's production background matches that preference; Founding-team dynamic described in the JD requires someone who can toggle between deep technical work and pragmatic shipping; this candidate fits that profile. Key assets: Full-stack retrieval systems (vector DBs + dense retrieval), IR evaluation (NDCG/MRR) and ranking optimization, and LLM adaptation and fine-tuning expertise. Flaggeds: Extended notice period (90 days); No recent job applications on platform. Slot #37 — top 0.0% of 100,000 candidates | Score breakdown: Skills=37/40, Exp=19/25, Retrieval=15/15, Signals=9/10, Fit=10/10 | Edge: retrieval/ranking (+0.85 above mean). Next step: Priority Screen (open to work)."
CAND_0027691,38,0.8934250001907349,"[Recommended] Production Veteran. Strong areas: End-to-end retrieval and vector database expertise, Ranking evaluation and learning-to-rank experience, and LLM fine-tuning experience. Concern: Requires culture-fit validation for founding-team dynamics. — The JD explicitly prioritizes engineers who ship over researchers — this candidate's deployment track record fits that mold; Aligned with the JD's call for a founding-team engineer comfortable with high autonomy. #38 in ranking — top 0.0% of 100,000 candidates | Score breakdown: Skills=37/40, Exp=20/25, Retrieval=15/15, Signals=7/10, Fit=10/10 | Differentiator: retrieval/ranking leads pool over mean (+0.85). Recommended: Priority Screen (open to work; 15-day notice)."
CAND_0081686,39,0.8907666680018107,"[Recommended] Profile: Passive Expert.  Next step: Interview Immediately (91% response rate). Rationale: Key assets: Vector database and dense retrieval experience, IR evaluation (NDCG/MRR) and ranking optimization, and Large language model fine-tuning. Flaggeds: Moderate notice period (60 days); Not marked as open to work. — The JD explicitly prioritizes engineers who ship over researchers — this candidate's deployment track record fits that mold; Behavioral profile suggests fit for the high-autonomy, founding-team role described in the JD. Slot #39 — top 0.0% of 100,000 candidates | Score breakdown: Skills=37/40, Exp=19/25, Retrieval=15/15, Signals=8/10, Fit=10/10 | Edge: strongest on retrieval/ranking (+0.85 above pool mean)."
CAND_0030031,40,0.8860916606585185,"[Recommended] Passive Expert. Concerns: Not marked as open to work; Located outside preferred Indian tech hubs (trivandrum, kerala). Mitigating factors: Strong areas: Production retrieval pipelines and vector search, Ranking evaluation and learning-to-rank experience, and LLM adaptation and fine-tuning expertise.  — Short notice (30 days) aligns with the JD's desire for quick availability; The JD stresses shipped systems over research — this candidate's production background matches that preference. #40 in ranking — top 0.0% of 100,000 candidates | Score breakdown: Skills=37/40, Exp=18/25, Retrieval=15/15, Signals=9/10, Fit=10/10 | Differentiator: strongest on retrieval/ranking (+0.85). Recommended: Interview Immediately (94% response rate; 30-day notice)."
CAND_0013536,41,0.885566666285197,"[Recommended] Production Veteran profile with 14yr background suited to the Senior AI Engineer mandate. Highlights: Production retrieval pipelines and vector search, Search quality evaluation and ranking pipelines, and Large language model fine-tuning. Notes: Extended notice period (90 days); Salary expectation (42 LPA min) — verify budget alignment. — Profile signals match the JD's preference for founding-team, high-autonomy settings. Position #41 — top 0.0% of 100,000 candidates | Score breakdown: Skills=30/40, Exp=25/25, Retrieval=15/15, Signals=9/10, Fit=10/10 | Advantage: retrieval/ranking (+0.85 above mean). Recommendation: Interview Immediately (87% response rate; open to work)."
CAND_0018499,42,0.8830666615168254,"[Recommended] Candidate: Production Veteran. This candidate has shipped real ranking or search systems to production — exactly the kind of tangible output the JD prioritizes over 'researcher' archetypes; Profile signals align with the founding-team, high-autonomy environment described in the JD. Strengths: Production retrieval pipelines and vector search, Learning-to-rank and retrieval evaluation expertise, and LLM adaptation and fine-tuning expertise. Watch item: No explicit Python skills listed. Ranked #42 — top 0.0% of 100,000 candidates | Score breakdown: Skills=33/40, Exp=22/25, Retrieval=15/15, Signals=8/10, Fit=10/10 | Strengths vs pool: retrieval/ranking leads pool over mean (+0.85). Suggested action: Priority Screen (open to work; 15-day notice)."
CAND_0011162,43,0.881616673151652,"[Recommended] Recruiter Favorite. Strong areas: Vector database and dense retrieval experience, Ranking evaluation and learning-to-rank experience, and LLM fine-tuning experience. Concerns: Extended notice period (90 days); Located outside preferred Indian tech hubs (coimbatore, tamil nadu). — The candidate's profile mirrors the JD's founding-team profile where high autonomy is expected. #43 in ranking — top 0.0% of 100,000 candidates | Score breakdown: Skills=37/40, Exp=18/25, Retrieval=15/15, Signals=8/10, Fit=10/10 | Differentiator: strongest on retrieval/ranking (+0.85 above pool mean). Recommended: Interview Immediately (75% response rate; open to work)."
CAND_0091534,44,0.8811333323319753,"[Recommended] Production Veteran. Best action for this candidate: Recommended: Interview Immediately (84% response rate; 30-day notice). Rationale: Strong areas: Production retrieval pipelines and vector search, Ranking evaluation and learning-to-rank experience, and LLM adaptation and fine-tuning expertise. Concerns: Not marked as open to work; Profile only 58% complete. — Based in an Indian tech hub — aligns with the JD's geographic scope; Deploying ML systems to real users at meaningful scale aligns with the first-90-day mandate described in the JD; Behavioral profile suggests fit for the high-autonomy, founding-team role described in the JD. #44 in ranking — top 0.0% of 100,000 candidates | Score breakdown: Skills=30/40, Exp=25/25, Retrieval=15/15, Signals=8/10, Fit=10/10 | Differentiator: strongest on retrieval/ranking (+0.85)."
CAND_0041669,45,0.8808999993801118,"[Recommended] Profile: Recruiter Favorite. Flaggeds: Moderate notice period (60 days); No explicit Python skills listed. Mitigating factors: Key assets: Vector database and dense retrieval experience, IR evaluation (NDCG/MRR) and ranking optimization, and LLM fine-tuning experience.  — Located in Pune/Noida — zero relocation friction for the JD's preferred locations; Production experience with retrieval systems aligns with the JD's emphasis on shipped systems over pure research; The candidate's profile mirrors the JD's founding-team profile where high autonomy is expected. Slot #45 — top 0.0% of 100,000 candidates | Score breakdown: Skills=30/40, Exp=25/25, Retrieval=15/15, Signals=8/10, Fit=10/10 | Edge: retrieval/ranking (+0.85 above mean). Next step: Interview Immediately (77% response rate; open to work)."
CAND_0052682,46,0.8790499967336656,"[Recommended] Recruiter Favorite with 7yr of relevant experience for this founding-team role. Key assets: Vector database and dense retrieval experience, Ranking evaluation knowledge (NDCG/MRR), and Large language model fine-tuning. Flagged: Located outside preferred Indian tech hubs (vizag, andhra pradesh). — This candidate's profile reads like the kind of founder-oriented engineer the JD describes — high autonomy, product-aware, delivery-focused. Slot #46 — top 0.0% of 100,000 candidates | Score breakdown: Skills=34/40, Exp=21/25, Retrieval=15/15, Signals=8/10, Fit=10/10 | Edge: retrieval/ranking leads pool vs mean (+0.85). Next step: Interview Immediately (88% response rate; open to work; 30-day notice)."
CAND_0044936,47,0.878616673151652,"[Recommended] Startup Builder. Profile depth (6 years) aligns with the JD's 5-9 year senior engineer target range; Engagement signals point to a strong fit for the JD's high-autonomy, founding-team environment. Strong areas: Production retrieval pipelines and vector search, Ranking evaluation and learning-to-rank experience, and Large language model fine-tuning. Concerns: Low recruiter response rate (28%); Inactive on platform (95 days). #47 in ranking — top 0.0% of 100,000 candidates | Score breakdown: Skills=40/40, Exp=18/25, Retrieval=15/15, Signals=5/10, Fit=10/10 | Differentiator: strongest on skills (+0.87 above pool mean). Recommended: Priority Screen."
CAND_0010257,48,0.877991668144862,"[Recommended] Production Veteran. Highlights: End-to-end search and vector database systems, Search quality evaluation and ranking pipelines, and Natural language processing and search expertise. Note: Extended notice period (120 days). — The candidate's profile mirrors the JD's founding-team profile where high autonomy is expected. Position #48 — top 0.0% of 100,000 candidates | Score breakdown: Skills=34/40, Exp=20/25, Retrieval=15/15, Signals=8/10, Fit=10/10 | Advantage: strongest on retrieval/ranking (+0.85). Recommendation: Priority Screen (72% response rate; open to work)."
CAND_0055992,49,0.8770000016689301,"[Recommended] Production Veteran. Best action for this candidate: Recommendation: Priority Screen (72% response rate; open to work). Rationale: Highlights: Full-stack retrieval systems (vector DBs + dense retrieval), Search quality evaluation and ranking pipelines, and LLM adaptation and fine-tuning expertise. Notes: Moderate notice period (60 days); No explicit Python skills listed. — Behavioral profile suggests fit for the high-autonomy, founding-team role described in the JD. Position #49 — top 0.0% of 100,000 candidates | Score breakdown: Skills=30/40, Exp=25/25, Retrieval=15/15, Signals=8/10, Fit=10/10 | Advantage: retrieval/ranking (+0.85 above mean)."
CAND_0020721,50,0.8761250020265579,"[Recommended] Recruiter Favorite. Note: Inactive on platform (93 days). Mitigating factors: Highlights: Production retrieval pipelines and vector search, Search quality evaluation and ranking pipelines, and LLM adaptation and fine-tuning expertise.  — Short notice (30 days) aligns with the JD's desire for quick availability; The JD explicitly warns against 'framework enthusiasts' and 'people who have only worked at consulting firms'; this candidate's hands-on product experience addresses that concern directly. Position #50 — top 0.0% of 100,000 candidates | Score breakdown: Skills=37/40, Exp=22/25, Retrieval=12/15, Signals=7/10, Fit=10/10 | Advantage: skills leads pool vs mean (+0.80). Recommendation: Interview Immediately (78% response rate; open to work; 30-day notice)."
CAND_0051890,51,0.8757749943733215,"[Potential Fit] Candidate: Production Veteran. Watch items: Extended notice period (120 days); No GitHub profile linked. Mitigating factors: Strengths: Vector database and dense retrieval experience, Learning-to-rank and retrieval evaluation expertise, and LLM fine-tuning experience.  — The JD explicitly prioritizes engineers who ship over researchers — this candidate's deployment track record fits that mold; Founding-team dynamic described in the JD requires someone who can toggle between deep technical work and pragmatic shipping; this candidate fits that profile. Ranked #51 — top 0.0% of 100,000 candidates | Score breakdown: Skills=37/40, Exp=21/25, Retrieval=12/15, Signals=8/10, Fit=10/10 | Strengths vs pool: strongest on skills (+0.80 above pool mean). Suggested action: Priority Screen (74% response rate; open to work)."
CAND_0035721,52,0.8754666606585184,"[Potential Fit] Profile: Passive Expert. Profile signals align with the founding-team, high-autonomy environment described in the JD. Key assets: Full-stack retrieval systems (vector DBs + dense retrieval), IR evaluation (NDCG/MRR) and ranking optimization, and LLM adaptation and fine-tuning expertise. Flaggeds: Extended notice period (120 days); Not marked as open to work. Slot #52 — top 0.1% of 100,000 candidates | Score breakdown: Skills=37/40, Exp=22/25, Retrieval=12/15, Signals=6/10, Fit=10/10 | Edge: strongest on skills (+0.80). Next step: Priority Screen."
CAND_0026458,53,0.8746083358128866,"[Potential Fit] Profile: Production Veteran. Key signal: End-to-end retrieval and vector database expertise. Key assets: IR evaluation (NDCG/MRR) and ranking optimization and LLM adaptation and fine-tuning expertise. Flaggeds: Low recruiter response rate (21%); Inactive on platform (118 days). — Production experience with retrieval systems aligns with the JD's emphasis on shipped systems over pure research; Signals indicate comfort with the JD's described founding-team environment requiring high autonomy. Slot #53 — top 0.1% of 100,000 candidates | Score breakdown: Skills=37/40, Exp=25/25, Retrieval=12/15, Signals=4/10, Fit=10/10 | Edge: skills (+0.80 above mean) | Area to probe: signals (-0.12). Next step: Priority Screen."
CAND_0007994,54,0.8742166634003321,"[Potential Fit] Production Veteran. Position #54 — top 0.1% of 100,000 candidates | Score breakdown: Skills=37/40, Exp=21/25, Retrieval=12/15, Signals=8/10, Fit=10/10 | Advantage: skills leads pool vs mean (+0.80). Highlights: Production retrieval pipelines and vector search, Search quality evaluation and ranking pipelines, and LLM fine-tuning experience. Notes: Moderate notice period (60 days); Not marked as open to work. — The JD explicitly prioritizes engineers who ship over researchers — this candidate's deployment track record fits that mold; Engagement signals point to a strong fit for the JD's high-autonomy, founding-team environment. Recommendation: Interview Immediately (77% response rate)."
CAND_0072928,55,0.8722583357890448,"[Potential Fit] Profile: Growth Candidate. Flaggeds: Extended notice period (120 days); Not marked as open to work. Mitigating factors: Key assets: End-to-end search and vector database systems, IR evaluation (NDCG/MRR) and ranking optimization, and LLM adaptation and fine-tuning expertise.  — Signals indicate comfort with the JD's described founding-team environment requiring high autonomy. Slot #55 — top 0.1% of 100,000 candidates | Score breakdown: Skills=40/40, Exp=15/25, Retrieval=15/15, Signals=7/10, Fit=10/10 | Edge: strongest on skills (+0.87 above pool mean) | Area to probe: experience (-0.11). Next step: Priority Screen (71% response rate)."
CAND_0073096,56,0.8717916726271311,"[Potential Fit] Profile: Passive Expert. This candidate has shipped real ranking or search systems to production — exactly the kind of tangible output the JD prioritizes over 'researcher' archetypes; Fits the high-autonomy, founding-team context emphasized in the JD. Key assets: Production retrieval pipelines and vector search, IR evaluation (NDCG/MRR) and ranking optimization, and LLM fine-tuning experience. Flaggeds: Inactive on platform (98 days); Extended notice period (120 days). Slot #56 — top 0.1% of 100,000 candidates | Score breakdown: Skills=37/40, Exp=23/25, Retrieval=12/15, Signals=5/10, Fit=10/10 | Edge: strongest on skills (+0.80). Next step: Priority Screen (open to work)."
CAND_0033861,57,0.8713333328564963,"[Potential Fit] Passive Expert. Key signal: Full-stack retrieval systems (vector DBs + dense retrieval). Highlights: Search quality evaluation and ranking pipelines and LLM adaptation and fine-tuning expertise. Notes: Low recruiter response rate (16%); Inactive on platform (100 days). — The JD stresses shipped systems over research — this candidate's production background matches that preference; Short notice period (30 days) fits the JD's preference for quick availability; Aligned with the JD's call for a founding-team engineer comfortable with high autonomy. Position #57 — top 0.1% of 100,000 candidates | Score breakdown: Skills=33/40, Exp=25/25, Retrieval=15/15, Signals=4/10, Fit=10/10 | Advantage: retrieval/ranking (+0.85 above mean) | Gap: signals (-0.09). Recommendation: Priority Screen (30-day notice)."
CAND_0068811,58,0.8711999990940095,"[Potential Fit] Production Veteran. Position #58 — top 0.1% of 100,000 candidates | Score breakdown: Skills=30/40, Exp=25/25, Retrieval=15/15, Signals=7/10, Fit=10/10 | Advantage: retrieval/ranking leads pool vs mean (+0.85). Highlights: End-to-end retrieval and vector database expertise, Search quality evaluation and ranking pipelines, and LLM adaptation and fine-tuning expertise. Notes: No explicit Python skills listed; Limited public code contributions. — Behavioral profile suggests fit for the high-autonomy, founding-team role described in the JD. Recommendation: Priority Screen (open to work; 30-day notice)."
CAND_0044222,59,0.8704249947071075,"[Potential Fit] Profile: Production Veteran. Flaggeds: Moderate notice period (60 days); Salary expectation (43 LPA min) — verify budget alignment. Mitigating factors: Key assets: Vector database and dense retrieval experience, IR evaluation (NDCG/MRR) and ranking optimization, and LLM adaptation and fine-tuning expertise.  — Profile signals align with the founding-team, high-autonomy environment described in the JD. Slot #59 — top 0.1% of 100,000 candidates | Score breakdown: Skills=30/40, Exp=24/25, Retrieval=15/15, Signals=8/10, Fit=10/10 | Edge: strongest on retrieval/ranking (+0.85 above pool mean). Next step: Priority Screen (open to work)."
CAND_0018549,60,0.8702666737238567,"[Potential Fit] Production Veteran. The candidate's history of deploying retrieval systems into production fits the JD's shipper-over-researcher ideal; Behavioral profile suggests fit for the high-autonomy, founding-team role described in the JD. Strong areas: End-to-end search and vector database systems, Ranking evaluation and learning-to-rank experience, and LLM fine-tuning experience. Concerns: Moderate notice period (60 days); No explicit Python skills listed. #60 in ranking — top 0.1% of 100,000 candidates | Score breakdown: Skills=33/40, Exp=21/25, Retrieval=15/15, Signals=8/10, Fit=10/10 | Differentiator: strongest on retrieval/ranking (+0.85). Recommended: Priority Screen (73% response rate; open to work)."
CAND_0059145,61,0.869375003695488,"[Potential Fit] Production Veteran. Key signal: Full-stack retrieval systems (vector DBs + dense retrieval). Strong areas: LLM fine-tuning experience and Scalable ML systems and model serving. Concerns: Moderate notice period (60 days); Profile only 57% complete. — The JD stresses shipped systems over research — this candidate's production background matches that preference; Founding-team dynamic described in the JD requires someone who can toggle between deep technical work and pragmatic shipping; this candidate fits that profile. #61 in ranking — top 0.1% of 100,000 candidates | Score breakdown: Skills=30/40, Exp=25/25, Retrieval=15/15, Signals=7/10, Fit=10/10 | Differentiator: retrieval/ranking (+0.85 above mean). Recommended: Priority Screen (open to work)."
CAND_0033713,62,0.86889166978995,"[Potential Fit] Profile: Production Veteran. Slot #62 — top 0.1% of 100,000 candidates | Score breakdown: Skills=37/40, Exp=22/25, Retrieval=12/15, Signals=6/10, Fit=10/10 | Edge: skills leads pool vs mean (+0.80). Key assets: End-to-end search and vector database systems, IR evaluation (NDCG/MRR) and ranking optimization, and Large language model fine-tuning. Flaggeds: Inactive on platform (122 days); Moderate notice period (60 days). — At 7 years of experience, this candidate falls within the JD's senior engineer range; Aligned with the JD's call for a founding-team engineer comfortable with high autonomy. Next step: Priority Screen (open to work)."
CAND_0078635,63,0.8683083356221517,"[Potential Fit] Production Veteran. Notes: Extended notice period (120 days); Profile only 52% complete. Mitigating factors: Highlights: Full-stack retrieval systems (vector DBs + dense retrieval), LLM fine-tuning experience, and Scalable ML systems and model serving.  — The JD explicitly emphasizes 'scrappy product-engineering attitude' — this candidate's trajectory demonstrates exactly that balance. Position #63 — top 0.1% of 100,000 candidates | Score breakdown: Skills=30/40, Exp=25/25, Retrieval=15/15, Signals=7/10, Fit=10/10 | Advantage: strongest on retrieval/ranking (+0.85 above pool mean). Recommendation: Priority Screen (71% response rate; open to work)."
CAND_0094564,64,0.8676083309253058,"[Potential Fit] Profile: Passive Expert. Production experience with retrieval systems aligns with the JD's emphasis on shipped systems over pure research; Engagement signals point to a strong fit for the JD's high-autonomy, founding-team environment. Key assets: End-to-end retrieval and vector database expertise, IR evaluation (NDCG/MRR) and ranking optimization, and LLM fine-tuning experience. Flaggeds: Inactive on platform (127 days); Moderate notice period (60 days). Slot #64 — top 0.1% of 100,000 candidates | Score breakdown: Skills=40/40, Exp=16/25, Retrieval=15/15, Signals=6/10, Fit=10/10 | Edge: strongest on skills (+0.87) | Area to probe: experience (-0.09 below pool mean). Next step: Priority Screen (73% response rate)."
CAND_0009325,65,0.867100007534027,"[Potential Fit] Production Veteran. Key signal: Production retrieval pipelines and vector search. Highlights: Search quality evaluation and ranking pipelines and Large language model fine-tuning. Notes: Moderate notice period (60 days); Not marked as open to work. — The candidate's history of deploying retrieval systems into production fits the JD's shipper-over-researcher ideal; Aligned with the JD's call for a founding-team engineer comfortable with high autonomy. Position #65 — top 0.1% of 100,000 candidates | Score breakdown: Skills=37/40, Exp=21/25, Retrieval=12/15, Signals=6/10, Fit=10/10 | Advantage: skills (+0.80 above mean). Recommendation: Priority Screen (72% response rate)."
CAND_0006557,66,0.8652416696945827,"[Potential Fit] Production Veteran. Position #66 — top 0.1% of 100,000 candidates | Score breakdown: Skills=30/40, Exp=25/25, Retrieval=15/15, Signals=7/10, Fit=10/10 | Advantage: retrieval/ranking leads pool vs mean (+0.85). Highlights: Vector database and dense retrieval experience, Search quality evaluation and ranking pipelines, and LLM adaptation and fine-tuning expertise. Notes: Extended notice period (120 days); Profile only 53% complete. — 120-day notice period exceeds the JD's implied quick-start preference; Practical deployment experience aligns with the JD's stated need for engineering that ships, not just researches. Recommendation: Priority Screen (open to work)."
CAND_0096028,67,0.8651333275636037,"[Potential Fit] Passive Expert. Notes: Inactive on platform (103 days); Moderate notice period (60 days). Mitigating factors: Highlights: End-to-end retrieval and vector database expertise and Search quality evaluation and ranking pipelines.  — Production experience with retrieval systems aligns with the JD's emphasis on shipped systems over pure research; The JD explicitly emphasizes 'scrappy product-engineering attitude' — this candidate's trajectory demonstrates exactly that balance. Position #67 — top 0.1% of 100,000 candidates | Score breakdown: Skills=40/40, Exp=16/25, Retrieval=15/15, Signals=5/10, Fit=10/10 | Advantage: strongest on skills (+0.87 above pool mean) | Gap: experience (-0.08). Recommendation: Priority Screen."
CAND_0036603,68,0.8647500004768371,"[Potential Fit] Growth Candidate. Production experience with retrieval systems aligns with the JD's emphasis on shipped systems over pure research; The JD explicitly emphasizes 'scrappy product-engineering attitude' — this candidate's trajectory demonstrates exactly that balance. Highlights: End-to-end retrieval and vector database expertise and Search quality evaluation and ranking pipelines. Notes: Low recruiter response rate (27%); Extended notice period (120 days). Position #68 — top 0.1% of 100,000 candidates | Score breakdown: Skills=40/40, Exp=16/25, Retrieval=15/15, Signals=6/10, Fit=10/10 | Advantage: strongest on skills (+0.87) | Gap: experience (-0.10 below pool mean). Recommendation: Priority Screen (open to work)."
CAND_0098846,69,0.8626333307822546,"[Potential Fit] Profile: Production Veteran. Key signal: End-to-end retrieval and vector database expertise. Key assets: IR evaluation (NDCG/MRR) and ranking optimization. Flaggeds: Moderate notice period (45 days); Salary expectation (44 LPA min) — verify budget alignment. — Production engineering background resonates with the JD's focus on real-world system delivery; The candidate's profile mirrors the JD's founding-team profile where high autonomy is expected. Slot #69 — top 0.1% of 100,000 candidates | Score breakdown: Skills=30/40, Exp=24/25, Retrieval=15/15, Signals=8/10, Fit=10/10 | Edge: retrieval/ranking (+0.85 above mean). Next step: Priority Screen (open to work)."
CAND_0002620,70,0.8616833333571752,"[Potential Fit] Candidate: Production Veteran. Ranked #70 — top 0.1% of 100,000 candidates | Score breakdown: Skills=37/40, Exp=22/25, Retrieval=12/15, Signals=5/10, Fit=10/10 | Strengths vs pool: skills leads pool over mean (+0.80). Strengths: End-to-end search and vector database systems and Learning-to-rank and retrieval evaluation expertise. Watch items: Low recruiter response rate (28%); Extended notice period (90 days). — The candidate's history of deploying retrieval systems into production fits the JD's shipper-over-researcher ideal; The JD's 'vibe check' section stresses async communication and fast iteration — behavioral signals here are consistent with that environment. Suggested action: Priority Screen."
CAND_0031593,71,0.8612500057220459,"[Potential Fit] Profile: Production Veteran. Flaggeds: Extended notice period (90 days); Profile only 50% complete. Mitigating factors: Key assets: Production retrieval pipelines and vector search and IR evaluation (NDCG/MRR) and ranking optimization.  — Engagement signals point to a strong fit for the JD's high-autonomy, founding-team environment. Slot #71 — top 0.1% of 100,000 candidates | Score breakdown: Skills=30/40, Exp=24/25, Retrieval=15/15, Signals=7/10, Fit=10/10 | Edge: strongest on retrieval/ranking (+0.85 above pool mean). Next step: Priority Screen (open to work)."
CAND_0069414,72,0.8612166675726572,"[Potential Fit] Production Veteran. Fits the high-autonomy, founding-team context emphasized in the JD. Highlights: End-to-end search and vector database systems and Search quality evaluation and ranking pipelines. Notes: Low recruiter response rate (27%); Inactive on platform (92 days). Position #72 — top 0.1% of 100,000 candidates | Score breakdown: Skills=37/40, Exp=22/25, Retrieval=12/15, Signals=5/10, Fit=10/10 | Advantage: strongest on skills (+0.80). Recommendation: Priority Screen (open to work)."
CAND_0096142,73,0.8598499991893768,"[Potential Fit] Profile: Recruiter Favorite. Key signal: Full-stack retrieval systems (vector DBs + dense retrieval). Key assets: IR evaluation (NDCG/MRR) and ranking optimization. Flagged: Extended notice period (120 days). — Profile signals align with the founding-team, high-autonomy environment described in the JD. Slot #73 — top 0.1% of 100,000 candidates | Score breakdown: Skills=37/40, Exp=16/25, Retrieval=15/15, Signals=8/10, Fit=10/10 | Edge: retrieval/ranking (+0.85 above mean) | Area to probe: experience (-0.10). Next step: Interview Immediately (84% response rate; open to work)."
CAND_0055623,74,0.8593666731516519,"[Potential Fit] Profile: Production Veteran. Slot #74 — top 0.1% of 100,000 candidates | Score breakdown: Skills=37/40, Exp=21/25, Retrieval=12/15, Signals=6/10, Fit=10/10 | Edge: skills leads pool vs mean (+0.80). Key assets: End-to-end search and vector database systems and IR evaluation (NDCG/MRR) and ranking optimization. Flaggeds: Inactive on platform (128 days); Extended notice period (120 days). — Deploying ML systems to real users at meaningful scale aligns with the first-90-day mandate described in the JD; Founding-team dynamic described in the JD requires someone who can toggle between deep technical work and pragmatic shipping; this candidate fits that profile. Next step: Priority Screen (open to work)."
CAND_0066179,75,0.8592499942779541,"[Potential Fit] Emerging Specialist. Concern: Extended notice period (90 days). Mitigating factors: Strong areas: Vector database and dense retrieval experience and Ranking evaluation and learning-to-rank experience.  — Located in Pune/Noida — zero relocation friction for the JD's preferred locations; Production engineering background resonates with the JD's focus on real-world system delivery; Profile signals match the JD's preference for founding-team, high-autonomy settings. #75 in ranking — top 0.1% of 100,000 candidates | Score breakdown: Skills=40/40, Exp=13/25, Retrieval=15/15, Signals=8/10, Fit=10/10 | Differentiator: strongest on skills (+0.87 above pool mean) | Weakness vs pool: experience (-0.20 below pool mean). Recommended: Priority Screen (open to work)."
CAND_0011432,76,0.8588999973535538,"[Consider] Production Veteran. Key: End-to-end retrieval and vector database expertise, Ranking evaluation and learning-to-rank experience. Watch: Moderate notice period (60 days). Ranked #76 of 100,000. Recommended: Priority Screen (open to work)."
CAND_0007411,77,0.8588000001311303,"[Consider] Profile: Passive Expert. Full-stack retrieval systems (vector DBs + dense retrieval), IR evaluation (NDCG/MRR) and ranking optimization. Low recruiter response rate (12%). #77/100,000. Next step: Priority Screen (15-day notice)."
CAND_0070252,78,0.8578333355983098,"[Consider] Candidate: Production Veteran. Key: Full-stack retrieval systems (vector DBs + dense retrieval), Learning-to-rank and retrieval evaluation expertise. Watch: Moderate notice period (60 days). Ranked #78 of 100,000. Suggested action: Priority Screen (open to work)."
CAND_0060055,79,0.855166660229365,"[Consider] Passive Expert. Key: End-to-end retrieval and vector database expertise, Search quality evaluation and ranking pipelines. Watch: Inactive on platform (122 days). Ranked #79 of 100,000. Recommendation: Priority Screen (open to work)."
CAND_0005649,80,0.8544833359320959,"[Consider] Candidate: Production Veteran. Priority Screen (open to work). End-to-end retrieval and vector database expertise, Learning-to-rank and retrieval evaluation expertise. Watch: Extended notice period (90 days). #80 of 100,000."
CAND_0004491,81,0.8543749947547913,"[Consider] Passive Expert. Vector database and dense retrieval experience, Search quality evaluation and ranking pipelines. Inactive on platform (93 days). #81/100,000. Recommendation: Priority Screen (open to work)."
CAND_0048368,82,0.8535583302577336,"[Consider] Production Veteran. Priority Screen (open to work). Production retrieval pipelines and vector search, Ranking evaluation and learning-to-rank experience. Watch: Moderate notice period (60 days). #82 of 100,000."
CAND_0027801,83,0.8533500021696091,"[Consider] Production Veteran. Production retrieval pipelines and vector search, Ranking evaluation and learning-to-rank experience. Extended notice period (120 days). #83/100,000. Recommended: Priority Screen (open to work)."
CAND_0086502,84,0.8530250062942505,"[Consider] Profile: Production Veteran. Production retrieval pipelines and vector search, Large language model fine-tuning. Extended notice period (90 days). #84/100,000. Next step: Priority Screen (open to work)."
CAND_0037995,85,0.8529999972581864,"[Consider] Candidate: Passive Expert. Production retrieval pipelines and vector search, LLM fine-tuning experience. Inactive on platform (93 days). #85/100,000. Suggested action: Interview Immediately (75% response rate)."
CAND_0078333,86,0.8528083359797796,"[Consider] Production Veteran. Priority Screen (open to work). Full-stack retrieval systems (vector DBs + dense retrieval), LLM fine-tuning experience. Watch: Inactive on platform (94 days). #86 of 100,000."
CAND_0086151,87,0.8525916604200999,"[Consider] Production Veteran. Key: Full-stack retrieval systems (vector DBs + dense retrieval), Ranking evaluation and learning-to-rank experience. Watch: Extended notice period (120 days). Ranked #87 of 100,000. Recommended: Priority Screen (open to work)."
CAND_0037672,88,0.8520916668574016,"[Consider] Candidate: Production Veteran. Key: End-to-end search and vector database systems, Learning-to-rank and retrieval evaluation expertise. Watch: Not marked as open to work. Ranked #88 of 100,000. Suggested action: Priority Screen (30-day notice)."
CAND_0010770,89,0.8519333339532217,"[Consider] Profile: Production Veteran. Full-stack retrieval systems (vector DBs + dense retrieval), IR evaluation (NDCG/MRR) and ranking optimization. No explicit Python skills listed. #89/100,000. Next step: Priority Screen (73% response rate; open to work; 30-day notice)."
CAND_0072660,90,0.8501749957799912,"[Consider] Production Veteran. End-to-end search and vector database systems, Large language model fine-tuning. No GitHub profile linked. #90/100,000. Recommendation: Priority Screen (open to work; 30-day notice)."
CAND_0012957,91,0.8495583369334538,"[Consider] Candidate: Passive Expert. Priority Screen. End-to-end retrieval and vector database expertise, Learning-to-rank and retrieval evaluation expertise. Watch: Extended notice period (120 days). #91 of 100,000."
CAND_0053537,92,0.8494333341916402,"[Consider] Profile: Passive Expert. Production retrieval pipelines and vector search, IR evaluation (NDCG/MRR) and ranking optimization. Moderate notice period (60 days). #92/100,000. Next step: Priority Screen (74% response rate)."
CAND_0019961,93,0.8477333274682363,"[Consider] Production Veteran. Production retrieval pipelines and vector search, Ranking evaluation and learning-to-rank experience. Low recruiter response rate (18%). #93/100,000. Recommended: Priority Screen (30-day notice)."
CAND_0074225,94,0.8456083405812581,"[Consider] Emerging Specialist. Vector database and dense retrieval experience, Search quality evaluation and ranking pipelines. Extended notice period (120 days). #94/100,000. Recommendation: Interview Immediately (91% response rate; open to work)."
CAND_0073138,95,0.845333332379659,"[Consider] Profile: Recruiter Favorite. IR evaluation (NDCG/MRR) and ranking optimization, LLM adaptation and fine-tuning expertise. Moderate notice period (60 days). #95/100,000. Next step: Interview Immediately (78% response rate; open to work)."
CAND_0074221,96,0.8452333359320958,"[Consider] Candidate: Passive Expert. Key: Vector database and dense retrieval experience, Learning-to-rank and retrieval evaluation expertise. Watch: Low recruiter response rate (16%). Ranked #96 of 100,000. Suggested action: Priority Screen."
CAND_0078810,97,0.8446250032186509,"[Consider] Candidate: Production Veteran. Interview Immediately (80% response rate). End-to-end retrieval and vector database expertise, Large language model fine-tuning. Watch: Extended notice period (120 days). #97 of 100,000."
CAND_0028793,98,0.8444666601816814,"[Consider] Profile: Production Veteran. Priority Screen (open to work). Full-stack retrieval systems (vector DBs + dense retrieval), IR evaluation (NDCG/MRR) and ranking optimization. Watch: Extended notice period (120 days). #98 of 100,000."
CAND_0039383,99,0.844174998164177,"[Consider] Candidate: Production Veteran. Production retrieval pipelines and vector search, Learning-to-rank and retrieval evaluation expertise. Extended notice period (90 days). #99/100,000. Suggested action: Priority Screen (open to work)."
CAND_0073982,100,0.8435166651407878,"[Consider] Production Veteran. Key: End-to-end retrieval and vector database expertise, LLM adaptation and fine-tuning expertise. Watch: Moderate notice period (60 days). Ranked #100 of 100,000. Recommended: Priority Screen (open to work)."